-- Generated by gen-dev-studio-seed.py — do not edit by hand; regenerate.
-- Realistic dev studio for StudentDevelopment. Idempotent (tag: seed:dev-studio).
BEGIN;
-- Bypass triggers for the whole seed: shadow students have no auth.users row,
-- but song_status_history/notify triggers FK student_id to users and would fail.
-- We insert repertoire directly and set lesson numbers ourselves, so no trigger is needed.
SET session_replication_role = replica;

-- ===== 1. cleanup prior seed (reverse-FK order) =====
DELETE FROM assignments        WHERE description   = 'seed:dev-studio';
DELETE FROM student_repertoire WHERE teacher_notes = 'seed:dev-studio';
DELETE FROM lesson_songs       WHERE lesson_id IN (SELECT id FROM lessons WHERE notes = 'seed:dev-studio');
DELETE FROM lessons            WHERE notes         = 'seed:dev-studio';
DELETE FROM profiles           WHERE is_development = true AND email LIKE '%@seed.dev.local';

-- ===== 2. shadow profiles (11 students + 1 teacher) =====
INSERT INTO profiles (id, user_id, email, first_name, last_name, full_name,
                      is_student, is_teacher, is_admin, is_shadow, is_development, student_status)
VALUES
('5eed57ad-0000-4000-8000-000000000000', NULL, 'maya.kowalski@seed.dev.local', $q$Maya$q$, $q$Kowalski$q$, $q$Maya Kowalski$q$, true, false, false, true, true, 'active'),
('5eed57ad-0000-4000-8000-000000000001', NULL, 'liam.novak@seed.dev.local', $q$Liam$q$, $q$Novak$q$, $q$Liam Novak$q$, true, false, false, true, true, 'active'),
('5eed57ad-0000-4000-8000-000000000002', NULL, 'zofia.kaminski@seed.dev.local', $q$Zofia$q$, $q$Kaminski$q$, $q$Zofia Kaminski$q$, true, false, false, true, true, 'active'),
('5eed57ad-0000-4000-8000-000000000003', NULL, 'ethan.brooks@seed.dev.local', $q$Ethan$q$, $q$Brooks$q$, $q$Ethan Brooks$q$, true, false, false, true, true, 'active'),
('5eed57ad-0000-4000-8000-000000000004', NULL, 'amara.okafor@seed.dev.local', $q$Amara$q$, $q$Okafor$q$, $q$Amara Okafor$q$, true, false, false, true, true, 'active'),
('5eed57ad-0000-4000-8000-000000000005', NULL, 'noah.bergman@seed.dev.local', $q$Noah$q$, $q$Bergman$q$, $q$Noah Bergman$q$, true, false, false, true, true, 'active'),
('5eed57ad-0000-4000-8000-000000000006', NULL, 'ines.marchetti@seed.dev.local', $q$Ines$q$, $q$Marchetti$q$, $q$Ines Marchetti$q$, true, false, false, true, true, 'active'),
('5eed57ad-0000-4000-8000-000000000007', NULL, 'kai.andersen@seed.dev.local', $q$Kai$q$, $q$Andersen$q$, $q$Kai Andersen$q$, true, false, false, true, true, 'active'),
('5eed57ad-0000-4000-8000-000000000008', NULL, 'lucia.romano@seed.dev.local', $q$Lucia$q$, $q$Romano$q$, $q$Lucia Romano$q$, true, false, false, true, true, 'active'),
('5eed57ad-0000-4000-8000-000000000009', NULL, 'oskar.lindqvist@seed.dev.local', $q$Oskar$q$, $q$Lindqvist$q$, $q$Oskar Lindqvist$q$, true, false, false, true, true, 'active'),
('5eed57ad-0000-4000-8000-000000000010', NULL, 'priya.sharma@seed.dev.local', $q$Priya$q$, $q$Sharma$q$, $q$Priya Sharma$q$, true, false, false, true, true, 'active'),
('5eed7eac-0000-4000-8000-000000000001', NULL, 'marta.zielinski@seed.dev.local', $q$Marta$q$, $q$Zielinski$q$, $q$Marta Zielinski$q$, false, true, false, true, true, 'active');

-- ===== 3. resolve songs + real accounts into temp index tables =====
CREATE TEMP TABLE _songs ON COMMIT DROP AS
  SELECT (row_number() OVER (ORDER BY created_at, id))::int - 1 AS idx, id
  FROM songs WHERE deleted_at IS NULL AND is_draft = false;

CREATE TEMP TABLE _students (idx int, id uuid) ON COMMIT DROP;
INSERT INTO _students VALUES
  (0, '5eed57ad-0000-4000-8000-000000000000'),
  (1, '5eed57ad-0000-4000-8000-000000000001'),
  (2, '5eed57ad-0000-4000-8000-000000000002'),
  (3, '5eed57ad-0000-4000-8000-000000000003'),
  (4, '5eed57ad-0000-4000-8000-000000000004'),
  (5, '5eed57ad-0000-4000-8000-000000000005'),
  (6, '5eed57ad-0000-4000-8000-000000000006'),
  (7, '5eed57ad-0000-4000-8000-000000000007'),
  (8, '5eed57ad-0000-4000-8000-000000000008'),
  (9, '5eed57ad-0000-4000-8000-000000000009'),
  (10, '5eed57ad-0000-4000-8000-000000000010'),
  (11, (SELECT id FROM profiles WHERE email = 'student@dev.local'));

CREATE TEMP TABLE _teachers (idx int, id uuid) ON COMMIT DROP;
INSERT INTO _teachers VALUES
  (0, (SELECT id FROM profiles WHERE email = 'teacher@dev.local')),
  (1, '5eed7eac-0000-4000-8000-000000000001');

-- ===== 4. lessons (45) =====
INSERT INTO lessons (id, teacher_id, student_id, scheduled_at, title, status, notes, lesson_teacher_number)
SELECT v.lid::uuid, t.id, s.id, now() - make_interval(days => v.dayoff), v.title,
       v.status::lesson_status, 'seed:dev-studio', v.lnum
FROM (VALUES
  ('5eed1e55-0000-4000-8000-000000000000', 1, 0, 6, $q$Technique clinic$q$, 'COMPLETED', 1),
  ('5eed1e55-0000-4000-8000-000000000001', 0, 0, -6, $q$Repertoire review$q$, 'SCHEDULED', 1),
  ('5eed1e55-0000-4000-8000-000000000002', 0, 0, 6, $q$Barre chords$q$, 'COMPLETED', 2),
  ('5eed1e55-0000-4000-8000-000000000003', 0, 0, 8, $q$Fingerpicking intro$q$, 'COMPLETED', 3),
  ('5eed1e55-0000-4000-8000-000000000004', 1, 1, -12, $q$Barre chords$q$, 'SCHEDULED', 1),
  ('5eed1e55-0000-4000-8000-000000000005', 0, 1, -9, $q$Rhythm & timing$q$, 'SCHEDULED', 1),
  ('5eed1e55-0000-4000-8000-000000000006', 1, 2, 13, $q$Strumming patterns$q$, 'COMPLETED', 1),
  ('5eed1e55-0000-4000-8000-000000000007', 1, 2, 25, $q$Chord transitions$q$, 'CANCELLED', 2),
  ('5eed1e55-0000-4000-8000-000000000008', 0, 2, 4, $q$Chord transitions$q$, 'COMPLETED', 1),
  ('5eed1e55-0000-4000-8000-000000000009', 1, 2, -7, $q$Scale practice$q$, 'SCHEDULED', 3),
  ('5eed1e55-0000-4000-8000-000000000010', 0, 2, 21, $q$Barre chords$q$, 'COMPLETED', 2),
  ('5eed1e55-0000-4000-8000-000000000011', 1, 3, 21, $q$Rhythm & timing$q$, 'COMPLETED', 1),
  ('5eed1e55-0000-4000-8000-000000000012', 0, 3, -7, $q$Technique clinic$q$, 'SCHEDULED', 1),
  ('5eed1e55-0000-4000-8000-000000000013', 0, 3, 33, $q$Ear training$q$, 'COMPLETED', 2),
  ('5eed1e55-0000-4000-8000-000000000014', 1, 3, -3, $q$Repertoire review$q$, 'SCHEDULED', 2),
  ('5eed1e55-0000-4000-8000-000000000015', 1, 4, -6, $q$Ear training$q$, 'SCHEDULED', 1),
  ('5eed1e55-0000-4000-8000-000000000016', 1, 4, 1, $q$Scale practice$q$, 'COMPLETED', 2),
  ('5eed1e55-0000-4000-8000-000000000017', 0, 4, 7, $q$Repertoire review$q$, 'COMPLETED', 1),
  ('5eed1e55-0000-4000-8000-000000000018', 1, 4, 16, $q$Music theory basics$q$, 'COMPLETED', 3),
  ('5eed1e55-0000-4000-8000-000000000019', 0, 4, -3, $q$Barre chords$q$, 'SCHEDULED', 2),
  ('5eed1e55-0000-4000-8000-000000000020', 1, 5, 5, $q$Song study$q$, 'COMPLETED', 1),
  ('5eed1e55-0000-4000-8000-000000000021', 0, 5, 22, $q$Barre chords$q$, 'COMPLETED', 1),
  ('5eed1e55-0000-4000-8000-000000000022', 0, 5, 32, $q$Repertoire review$q$, 'COMPLETED', 2),
  ('5eed1e55-0000-4000-8000-000000000023', 1, 5, 37, $q$Music theory basics$q$, 'COMPLETED', 2),
  ('5eed1e55-0000-4000-8000-000000000024', 0, 6, 41, $q$Repertoire review$q$, 'COMPLETED', 1),
  ('5eed1e55-0000-4000-8000-000000000025', 1, 6, 30, $q$Barre chords$q$, 'COMPLETED', 1),
  ('5eed1e55-0000-4000-8000-000000000026', 0, 6, -12, $q$Rhythm & timing$q$, 'SCHEDULED', 2),
  ('5eed1e55-0000-4000-8000-000000000027', 1, 6, 8, $q$Technique clinic$q$, 'COMPLETED', 2),
  ('5eed1e55-0000-4000-8000-000000000028', 0, 6, 6, $q$Repertoire review$q$, 'CANCELLED', 3),
  ('5eed1e55-0000-4000-8000-000000000029', 0, 7, 11, $q$Ear training$q$, 'COMPLETED', 1),
  ('5eed1e55-0000-4000-8000-000000000030', 0, 7, 11, $q$Strumming patterns$q$, 'COMPLETED', 2),
  ('5eed1e55-0000-4000-8000-000000000031', 1, 8, -6, $q$Fingerpicking intro$q$, 'SCHEDULED', 1),
  ('5eed1e55-0000-4000-8000-000000000032', 0, 8, -3, $q$Barre chords$q$, 'SCHEDULED', 1),
  ('5eed1e55-0000-4000-8000-000000000033', 1, 8, 8, $q$Rhythm & timing$q$, 'CANCELLED', 2),
  ('5eed1e55-0000-4000-8000-000000000034', 0, 9, 36, $q$Rhythm & timing$q$, 'COMPLETED', 1),
  ('5eed1e55-0000-4000-8000-000000000035', 1, 9, 11, $q$Chord transitions$q$, 'COMPLETED', 1),
  ('5eed1e55-0000-4000-8000-000000000036', 0, 9, 0, $q$Ear training$q$, 'SCHEDULED', 2),
  ('5eed1e55-0000-4000-8000-000000000037', 0, 9, 3, $q$Strumming patterns$q$, 'COMPLETED', 3),
  ('5eed1e55-0000-4000-8000-000000000038', 0, 10, -11, $q$Fingerpicking intro$q$, 'SCHEDULED', 1),
  ('5eed1e55-0000-4000-8000-000000000039', 0, 10, -14, $q$Song study$q$, 'SCHEDULED', 2),
  ('5eed1e55-0000-4000-8000-000000000040', 0, 10, 12, $q$Song study$q$, 'CANCELLED', 3),
  ('5eed1e55-0000-4000-8000-000000000041', 0, 10, -7, $q$Chord transitions$q$, 'SCHEDULED', 4),
  ('5eed1e55-0000-4000-8000-000000000042', 0, 11, 6, $q$Rhythm & timing$q$, 'COMPLETED', 1),
  ('5eed1e55-0000-4000-8000-000000000043', 0, 11, 24, $q$Chord transitions$q$, 'COMPLETED', 2),
  ('5eed1e55-0000-4000-8000-000000000044', 0, 11, 40, $q$Performance prep$q$, 'COMPLETED', 3)
) v(lid, t_idx, s_idx, dayoff, title, status, lnum)
JOIN _teachers t ON t.idx = v.t_idx
JOIN _students s ON s.idx = v.s_idx;

-- ===== 5. lesson_songs (79) — trigger auto-creates repertoire =====
INSERT INTO lesson_songs (lesson_id, song_id, status)
SELECT v.lid::uuid, sg.id, v.status::lesson_song_status
FROM (VALUES
  ('5eed1e55-0000-4000-8000-000000000000', 5, 'started'),
  ('5eed1e55-0000-4000-8000-000000000001', 8, 'with_author'),
  ('5eed1e55-0000-4000-8000-000000000003', 1, 'mastered'),
  ('5eed1e55-0000-4000-8000-000000000003', 12, 'started'),
  ('5eed1e55-0000-4000-8000-000000000004', 1, 'started'),
  ('5eed1e55-0000-4000-8000-000000000004', 3, 'remembered'),
  ('5eed1e55-0000-4000-8000-000000000004', 9, 'started'),
  ('5eed1e55-0000-4000-8000-000000000005', 14, 'remembered'),
  ('5eed1e55-0000-4000-8000-000000000006', 3, 'remembered'),
  ('5eed1e55-0000-4000-8000-000000000006', 11, 'remembered'),
  ('5eed1e55-0000-4000-8000-000000000007', 0, 'with_author'),
  ('5eed1e55-0000-4000-8000-000000000007', 2, 'remembered'),
  ('5eed1e55-0000-4000-8000-000000000007', 8, 'with_author'),
  ('5eed1e55-0000-4000-8000-000000000007', 12, 'with_author'),
  ('5eed1e55-0000-4000-8000-000000000008', 7, 'started'),
  ('5eed1e55-0000-4000-8000-000000000009', 3, 'with_author'),
  ('5eed1e55-0000-4000-8000-000000000009', 6, 'to_learn'),
  ('5eed1e55-0000-4000-8000-000000000010', 2, 'to_learn'),
  ('5eed1e55-0000-4000-8000-000000000010', 8, 'to_learn'),
  ('5eed1e55-0000-4000-8000-000000000010', 14, 'started'),
  ('5eed1e55-0000-4000-8000-000000000011', 8, 'to_learn'),
  ('5eed1e55-0000-4000-8000-000000000012', 0, 'with_author'),
  ('5eed1e55-0000-4000-8000-000000000012', 4, 'started'),
  ('5eed1e55-0000-4000-8000-000000000012', 9, 'started'),
  ('5eed1e55-0000-4000-8000-000000000013', 9, 'to_learn'),
  ('5eed1e55-0000-4000-8000-000000000013', 11, 'to_learn'),
  ('5eed1e55-0000-4000-8000-000000000015', 0, 'with_author'),
  ('5eed1e55-0000-4000-8000-000000000015', 6, 'started'),
  ('5eed1e55-0000-4000-8000-000000000015', 7, 'started'),
  ('5eed1e55-0000-4000-8000-000000000017', 6, 'to_learn'),
  ('5eed1e55-0000-4000-8000-000000000018', 9, 'started'),
  ('5eed1e55-0000-4000-8000-000000000018', 11, 'started'),
  ('5eed1e55-0000-4000-8000-000000000019', 0, 'remembered'),
  ('5eed1e55-0000-4000-8000-000000000019', 11, 'to_learn'),
  ('5eed1e55-0000-4000-8000-000000000020', 8, 'remembered'),
  ('5eed1e55-0000-4000-8000-000000000020', 14, 'with_author'),
  ('5eed1e55-0000-4000-8000-000000000021', 0, 'to_learn'),
  ('5eed1e55-0000-4000-8000-000000000021', 7, 'with_author'),
  ('5eed1e55-0000-4000-8000-000000000021', 10, 'to_learn'),
  ('5eed1e55-0000-4000-8000-000000000023', 6, 'remembered'),
  ('5eed1e55-0000-4000-8000-000000000023', 12, 'mastered'),
  ('5eed1e55-0000-4000-8000-000000000023', 13, 'mastered'),
  ('5eed1e55-0000-4000-8000-000000000024', 2, 'started'),
  ('5eed1e55-0000-4000-8000-000000000024', 6, 'to_learn'),
  ('5eed1e55-0000-4000-8000-000000000025', 6, 'remembered'),
  ('5eed1e55-0000-4000-8000-000000000027', 4, 'started'),
  ('5eed1e55-0000-4000-8000-000000000028', 0, 'started'),
  ('5eed1e55-0000-4000-8000-000000000028', 10, 'to_learn'),
  ('5eed1e55-0000-4000-8000-000000000028', 13, 'started'),
  ('5eed1e55-0000-4000-8000-000000000029', 9, 'with_author'),
  ('5eed1e55-0000-4000-8000-000000000030', 3, 'to_learn'),
  ('5eed1e55-0000-4000-8000-000000000030', 5, 'started'),
  ('5eed1e55-0000-4000-8000-000000000030', 9, 'mastered'),
  ('5eed1e55-0000-4000-8000-000000000031', 1, 'started'),
  ('5eed1e55-0000-4000-8000-000000000031', 8, 'to_learn'),
  ('5eed1e55-0000-4000-8000-000000000032', 1, 'to_learn'),
  ('5eed1e55-0000-4000-8000-000000000032', 12, 'mastered'),
  ('5eed1e55-0000-4000-8000-000000000033', 7, 'to_learn'),
  ('5eed1e55-0000-4000-8000-000000000033', 11, 'to_learn'),
  ('5eed1e55-0000-4000-8000-000000000034', 10, 'started'),
  ('5eed1e55-0000-4000-8000-000000000035', 0, 'started'),
  ('5eed1e55-0000-4000-8000-000000000035', 8, 'to_learn'),
  ('5eed1e55-0000-4000-8000-000000000036', 5, 'to_learn'),
  ('5eed1e55-0000-4000-8000-000000000036', 7, 'with_author'),
  ('5eed1e55-0000-4000-8000-000000000036', 8, 'remembered'),
  ('5eed1e55-0000-4000-8000-000000000037', 6, 'to_learn'),
  ('5eed1e55-0000-4000-8000-000000000037', 8, 'mastered'),
  ('5eed1e55-0000-4000-8000-000000000037', 10, 'mastered'),
  ('5eed1e55-0000-4000-8000-000000000039', 9, 'remembered'),
  ('5eed1e55-0000-4000-8000-000000000039', 10, 'mastered'),
  ('5eed1e55-0000-4000-8000-000000000040', 11, 'remembered'),
  ('5eed1e55-0000-4000-8000-000000000041', 2, 'with_author'),
  ('5eed1e55-0000-4000-8000-000000000041', 6, 'started'),
  ('5eed1e55-0000-4000-8000-000000000042', 2, 'started'),
  ('5eed1e55-0000-4000-8000-000000000043', 3, 'started'),
  ('5eed1e55-0000-4000-8000-000000000043', 14, 'to_learn'),
  ('5eed1e55-0000-4000-8000-000000000044', 3, 'to_learn'),
  ('5eed1e55-0000-4000-8000-000000000044', 10, 'remembered'),
  ('5eed1e55-0000-4000-8000-000000000044', 13, 'started')
) v(lid, s_idx, status)
JOIN _songs sg ON sg.idx = v.s_idx
ON CONFLICT (lesson_id, song_id) DO NOTHING;

-- ===== 6. repertoire (50) — overwrites trigger to_learn rows =====
INSERT INTO student_repertoire
  (student_id, song_id, current_status, total_practice_minutes, last_practiced_at,
   started_at, mastered_at, is_active, difficulty_rating, self_rating, priority, teacher_notes)
SELECT s.id, sg.id, v.status::song_progress_status, v.minutes,
       now() - make_interval(days => v.lastdays),
       now() - make_interval(days => v.startdays),
       CASE WHEN v.masterdays IS NULL THEN NULL ELSE now() - make_interval(days => v.masterdays) END,
       true, v.diff, v.selfr, v.priority, 'seed:dev-studio'
FROM (VALUES
  (0, 2, 'started', 45, 9, 80, NULL::int, 2, 2, 'normal'),
  (0, 6, 'with_author', 266, 10, 49, NULL::int, 4, 4, 'normal'),
  (0, 10, 'with_author', 332, 5, 55, NULL::int, 2, 4, 'high'),
  (0, 14, 'started', 42, 0, 48, NULL::int, 2, 2, 'normal'),
  (1, 1, 'remembered', 246, 10, 50, NULL::int, 2, 3, 'low'),
  (1, 2, 'started', 45, 0, 55, NULL::int, 4, 2, 'normal'),
  (1, 9, 'with_author', 364, 1, 61, NULL::int, 4, 4, 'normal'),
  (1, 11, 'remembered', 194, 8, 44, NULL::int, 4, 3, 'low'),
  (1, 13, 'remembered', 145, 1, 46, NULL::int, 3, 3, 'high'),
  (2, 1, 'remembered', 181, 2, 44, NULL::int, 2, 3, 'high'),
  (2, 8, 'mastered', 753, 7, 62, 13::int, 2, 5, 'normal'),
  (2, 9, 'with_author', 398, 8, 43, NULL::int, 3, 4, 'normal'),
  (2, 14, 'remembered', 175, 0, 54, NULL::int, 2, 3, 'normal'),
  (3, 0, 'with_author', 468, 9, 82, NULL::int, 4, 4, 'normal'),
  (3, 2, 'started', 90, 5, 62, NULL::int, 4, 2, 'high'),
  (3, 10, 'remembered', 273, 0, 69, NULL::int, 4, 3, 'low'),
  (3, 13, 'started', 53, 2, 54, NULL::int, 2, 2, 'high'),
  (4, 3, 'started', 33, 10, 56, NULL::int, 4, 2, 'normal'),
  (4, 4, 'remembered', 195, 3, 53, NULL::int, 2, 3, 'low'),
  (4, 5, 'remembered', 258, 2, 68, NULL::int, 2, 3, 'low'),
  (4, 6, 'started', 83, 0, 63, NULL::int, 3, 2, 'low'),
  (4, 10, 'with_author', 272, 10, 80, NULL::int, 4, 4, 'high'),
  (4, 11, 'remembered', 178, 8, 56, NULL::int, 2, 3, 'normal'),
  (5, 1, 'remembered', 235, 3, 77, NULL::int, 2, 3, 'high'),
  (5, 11, 'started', 111, 5, 55, NULL::int, 2, 2, 'high'),
  (6, 0, 'with_author', 311, 4, 58, NULL::int, 4, 4, 'normal'),
  (6, 4, 'remembered', 217, 1, 48, NULL::int, 2, 3, 'normal'),
  (6, 5, 'with_author', 369, 7, 53, NULL::int, 4, 4, 'low'),
  (7, 1, 'started', 54, 1, 41, NULL::int, 4, 2, 'high'),
  (7, 3, 'started', 88, 7, 30, NULL::int, 4, 2, 'high'),
  (7, 7, 'mastered', 690, 3, 56, 3::int, 3, 5, 'low'),
  (7, 8, 'mastered', 441, 1, 66, 13::int, 3, 5, 'high'),
  (7, 12, 'mastered', 728, 1, 35, 1::int, 4, 5, 'low'),
  (8, 7, 'remembered', 201, 5, 59, NULL::int, 4, 3, 'normal'),
  (8, 14, 'mastered', 786, 2, 62, 3::int, 4, 5, 'high'),
  (9, 0, 'remembered', 161, 0, 34, NULL::int, 4, 3, 'low'),
  (9, 7, 'started', 59, 8, 36, NULL::int, 2, 2, 'high'),
  (9, 12, 'remembered', 140, 9, 40, NULL::int, 4, 3, 'low'),
  (10, 4, 'remembered', 227, 10, 54, NULL::int, 2, 3, 'normal'),
  (10, 6, 'started', 97, 7, 73, NULL::int, 4, 2, 'normal'),
  (10, 8, 'with_author', 380, 7, 78, NULL::int, 4, 4, 'normal'),
  (10, 13, 'remembered', 218, 7, 49, NULL::int, 4, 3, 'high'),
  (11, 2, 'mastered', 629, 7, 72, 11::int, 4, 5, 'normal'),
  (11, 5, 'mastered', 812, 6, 39, 9::int, 2, 5, 'low'),
  (11, 6, 'with_author', 302, 6, 80, NULL::int, 3, 4, 'normal'),
  (11, 8, 'started', 81, 3, 32, NULL::int, 2, 2, 'normal'),
  (11, 9, 'with_author', 350, 9, 31, NULL::int, 2, 4, 'normal'),
  (11, 10, 'mastered', 889, 5, 48, 9::int, 3, 5, 'high'),
  (11, 12, 'remembered', 162, 7, 89, NULL::int, 4, 3, 'normal'),
  (11, 13, 'started', 64, 7, 84, NULL::int, 3, 2, 'low')
) v(s_idx, sg_idx, status, minutes, lastdays, startdays, masterdays, diff, selfr, priority)
JOIN _students s ON s.idx = v.s_idx
JOIN _songs sg ON sg.idx = v.sg_idx
ON CONFLICT (student_id, song_id) DO UPDATE SET
  current_status = EXCLUDED.current_status,
  total_practice_minutes = EXCLUDED.total_practice_minutes,
  last_practiced_at = EXCLUDED.last_practiced_at,
  started_at = EXCLUDED.started_at,
  mastered_at = EXCLUDED.mastered_at,
  is_active = true,
  difficulty_rating = EXCLUDED.difficulty_rating,
  self_rating = EXCLUDED.self_rating,
  priority = EXCLUDED.priority,
  teacher_notes = 'seed:dev-studio';

-- ===== 7. assignments (30) =====
INSERT INTO assignments (teacher_id, student_id, song_id, title, description, status, due_date)
SELECT t.id, s.id, sg.id, v.title, 
       'seed:dev-studio', v.status::assignment_status,
       CASE WHEN v.duedays IS NULL THEN NULL ELSE (now() + make_interval(days => v.duedays))::date END
FROM (VALUES
  (0, 11, 10, $q$Memorize the chorus$q$, 'not_started', NULL::int),
  (0, 7, 13, $q$Clean up timing$q$, 'in_progress', -1::int),
  (0, 4, 8, $q$Work on transitions$q$, 'not_started', NULL::int),
  (0, 1, 13, $q$Practice the intro$q$, 'completed', 1::int),
  (0, 2, 13, $q$Clean up timing$q$, 'in_progress', NULL::int),
  (1, 7, 12, $q$Record a take$q$, 'in_progress', -9::int),
  (1, 8, 8, $q$Record a take$q$, 'in_progress', NULL::int),
  (0, 6, 0, $q$Slow-tempo run-through$q$, 'in_progress', NULL::int),
  (1, 2, 8, $q$Memorize the chorus$q$, 'in_progress', 1::int),
  (0, 11, 5, $q$Clean up timing$q$, 'not_started', NULL::int),
  (1, 4, 8, $q$Memorize the chorus$q$, 'in_progress', -10::int),
  (1, 8, 11, $q$Memorize the chorus$q$, 'completed', 11::int),
  (0, 1, 8, $q$Practice the intro$q$, 'not_started', 0::int),
  (0, 0, 4, $q$Clean up timing$q$, 'not_started', 0::int),
  (0, 1, 12, $q$Practice the intro$q$, 'completed', NULL::int),
  (0, 9, 12, $q$Work on transitions$q$, 'not_started', 7::int),
  (0, 5, 6, $q$Clean up timing$q$, 'completed', 16::int),
  (0, 0, 14, $q$Work on transitions$q$, 'completed', -3::int),
  (1, 4, 8, $q$Record a take$q$, 'in_progress', 1::int),
  (0, 10, 2, $q$Work on transitions$q$, 'overdue', 8::int),
  (1, 4, 8, $q$Record a take$q$, 'not_started', 4::int),
  (0, 2, 9, $q$Memorize the chorus$q$, 'completed', NULL::int),
  (0, 8, 1, $q$Slow-tempo run-through$q$, 'in_progress', 16::int),
  (0, 1, 4, $q$Work on transitions$q$, 'completed', -3::int),
  (0, 11, 14, $q$Work on transitions$q$, 'not_started', NULL::int),
  (0, 11, 6, $q$Memorize the chorus$q$, 'completed', 3::int),
  (0, 11, 11, $q$Practice the intro$q$, 'in_progress', NULL::int),
  (0, 11, 2, $q$Record a take$q$, 'completed', -5::int),
  (0, 11, 10, $q$Work on transitions$q$, 'completed', 13::int),
  (0, 11, 6, $q$Slow-tempo run-through$q$, 'overdue', -8::int)
) v(t_idx, s_idx, sg_idx, title, status, duedays)
JOIN _teachers t ON t.idx = v.t_idx
JOIN _students s ON s.idx = v.s_idx
JOIN _songs sg ON sg.idx = v.sg_idx;

SET session_replication_role = DEFAULT;
COMMIT;

-- summary
SELECT 'students=' || (SELECT count(*) FROM profiles WHERE is_student)
    || ' teachers=' || (SELECT count(*) FROM profiles WHERE is_teacher)
    || ' lessons='  || (SELECT count(*) FROM lessons)
    || ' lesson_songs=' || (SELECT count(*) FROM lesson_songs)
    || ' repertoire=' || (SELECT count(*) FROM student_repertoire)
    || ' assignments=' || (SELECT count(*) FROM assignments);
